#,الاسم,المتابعون,معدل الارتداد,الدولة,موضوع التأثير,مدى الإمكانية,حفظ,دعوة للانضمام إلى الحملة
1,Saad Lamjarred | سعد لمجرد @UC9hJ5XcjHXYjwDOqrlQUuow,13.9M,0.8%,المغرب,,4.2M,,عرض الملف الشخصي
2,Experienced Mojaraba TV @UCCvguzToWt3PYumFPRusUKg,10.8M,-,المغرب,,3.2M,,عرض الملف الشخصي
3,هل تعلم؟ @UCa7lQu3RM6p88h4KOfTpqWA,9M,-,المغرب,,2.7M,,عرض الملف الشخصي
4,2MTV @UClozwh5URilIQpDFeXch8qw,7.5M,-,المغرب,Television,2.3M,,عرض الملف الشخصي
5,WHITE444 YT @UCI14hkaiRn8cJl-bSZGmSuw,5.5M,-,المغرب,,1.7M,,عرض الملف الشخصي
6,Misaha | مساحة @UCAHfrKOebWz6_23eKKm9vqw,5.2M,-,المغرب,,1.6M,,عرض الملف الشخصي
7,إستفد @UCkFYKn7RditA-BnWCTxJvMg,5.2M,-,المغرب,,1.6M,,عرض الملف الشخصي
8,موقع الشيخ عبد الباسط عبد الصمد @UCoD5-Dk95rFMtk5iCXqak6w,5.1M,-,المغرب,,1.5M,,عرض الملف الشخصي
9,الطريق إلى الجنة Road to Heaven @UCyiOlgJIOwK_gSNB9R8ATFg,4.7M,-,المغرب,,1.4M,,عرض الملف الشخصي
10,halawiyat karamilla حلويات كراميلا @UCfhOpHNCA8nUq4_hQQr_QNQ,4.3M,-,المغرب,,1.3M,,عرض الملف الشخصي
11,Jamal Alpha @UCsqemzGBSJryRUmjp2M_jjQ,4.2M,0.2%,المغرب,,1.3M,,عرض الملف الشخصي
12,قناة المحترف | Almohtarif channel @UCO58fldVogtwlz7c2PTeWrg,4.1M,-,المغرب,,1.2M,,عرض الملف الشخصي
13,Baraka lBaraka @UC68yhEwJBSFt8UcWy-dDA-g,3.8M,-,المغرب,,1.1M,,عرض الملف الشخصي
14,RECIPES FOR YOU @UCq6akguHzmPR6dqIqhuUIAA,3.7M,0.1%,المغرب,,1.1M,,عرض الملف الشخصي
15,HEROSHIMA YT @UCKbA2ZlS_vEDtuzZlbg1ypw,3.6M,0.3%,المغرب,,1.1M,,عرض الملف الشخصي
16,هل تعلم؟ علوم وتكنولوجيا @UCqTkFz1f2q2-nwpTekI0_UQ,3.6M,-,المغرب,,1.1M,,عرض الملف الشخصي
17,Fayssal Vlog @UCH_XMDSC8K696kE6I0x5D8Q,3.4M,-,المغرب,,1M,,عرض الملف الشخصي
18,Ramadan Al Aoula TV @UC-do1UFNFVRhFA20k1izktQ,3.3M,0.1%,المغرب,,993K,,عرض الملف الشخصي
19,English Language Academy @UC7HhSlh-QbL9626A_mM4DRg,3.1M,-,المغرب,,924K,,عرض الملف الشخصي
20,مجلة لماذا؟ @UCi01XlFR8ZGuqQXlNMLZZEw,3.1M,-,المغرب,,915K,,عرض الملف الشخصي
21,Belmirs | بلمير @UCZ5tjhLSLd6L4Te0wnTG2FA,3M,-,மாரக்கோ,,903K,,சுயவிவரத்தைப் பார்க்க
22,Douzi دوزي @UCAptYoIT2v03gxBVcZ1Qa6Q,2.8M,2.4%,மாரக்கோ,,837K,,சுயவிவரத்தைப் பார்க்க
23,Muslim مسلم @UCorJO8dvFhfPLXsLfonUrTw,2.8M,-,மாரக்கோ,,831K,,சுயவிவரத்தைப் பார்க்க
24,وصفات لالة فاطمة Wasafat Lalla Fatima @UC-UVfTCPQaYPowrDMWPe6ow,2.7M,-,மாரக்கோ,,822K,,சுயவிவரத்தைப் பார்க்க
25,Hatim Ammor l حاتم عمور @UCX_lLBpYS7FtqmSSFs3esig,2.7M,-,மாரக்கோ,,819K,,சுயவிவரத்தைப் பார்க்க
26,MR CRAZY OFFICIAL @UCvheXmI5oWFZoy9VrKCl51w,2.7M,3.2%,மாரக்கோ,,810K,,சுயவிவரத்தைப் பார்க்க
27,Aymen BOUSSELHAM @UCLgmpj7900fMVT98JTQ-NGw,2.7M,3.4%,மாரக்கோ,,807K,,சுயவிவரத்தைப் பார்க்க
28,oum yasser أم ياسر @UCXeqMgMSAElK-T9MpGaJjEw,2.7M,-,மாரக்கோ,,801K,,சுயவிவரத்தைப் பார்க்க
29,ElGrandeToto @UCVG705xosVltZb52R0hHr_g,2.6M,11.8%,மாரக்கோ,,789K,,சுயவிவரத்தைப் பார்க்க
30,7-TOUN @UC2PRVeYNiJZ4LXLjRjufYig,2.5M,0.1%,மாரக்கோ,,762K,,சுயவிவரத்தைப் பார்க்க
31,SYBLUS @UCY_2VHreLOlk8VqsDd6dUoQ,2.5M,1.8%,மாரக்கோ,,762K,,சுயவிவரத்தைப் பார்க்க
32,Leader Of Lyrics @UCaeicBEBBbaF4QQ_OgJ5cvw,2.5M,-,மாரக்கோ,இசை,744K,,சுயவிவரத்தைப் பார்க்க
33,Télé Maroc @UC6eBD5wxTbOdZbZSTlHKtVg,2.5M,-,மாரக்கோ,,738K,,சுயவிவரத்தைப் பார்க்க
34,L7OR - الحر @UC9o7H0MTjWjo9MffOVxUPww,2.4M,20.6%,மாரக்கோ,,732K,,சுயவிவரத்தைப் பார்க்க
35,Hassan Gonzalez @UCh6FUXUgjFguglJp4PP9rOA,2.4M,-,மாரக்கோ,,729K,,சுயவிவரத்தைப் பார்க்க
36,Clic Cook كليك كوك @UCrqY9F9Mz_-ofg2bn3M7S5A,2.3M,0.1%,மாரக்கோ,,702K,,சுயவிவரத்தைப் பார்க்க
37,Dr Faid Channel @UCRRTxpE93o4qQFy3vZ_0SJA,2.3M,-,மாரக்கோ,,690K,,சுயவிவரத்தைப் பார்க்க
38,Hakim Le magicien @UCxzrcsr1iWRKRe-iMpwyM-Q,2.3M,-,மாரக்கோ,,690K,,சுயவிவரத்தைப் பார்க்க
39,BLA BLA @UCRbIVBQ-FVm-2Z2Rce3SHyg,2.3M,-,மாரக்கோ,,687K,,சுயவிவரத்தைப் பார்க்க
40,Abdljalil Asiro @UCdPDJIvnqtFsTDuDBDTmiAg,2.3M,-,மாரக்கோ,,684K,,சுயவிவரத்தைப் பார்க்க
41,Lbenj @UCSj3fnfKHCI5G2VYUcx3DHg,2.3M,-,மாரக்கோ,,684K,,சுயவிவரத்தைப் பார்க்க
42,شهيوات ام حفصة chhiwat om hafsa / @UCAZGXDez2WTiqGrMEiwrW_w,2.3M,-,மாரக்கோ,,678K,,சுயவிவரத்தைப் பார்க்க
43,JACK FF @UC2pc7w_iMk4KLEa4Yy0gahg,2.3M,5.5%,மாரக்கோ,,678K,,சுயவிவரத்தைப் பார்க்க
44,ruok f8 @UC5LiGS1iria147G-x8LJiaA,2.3M,-,மாரக்கோ,,675K,,சுயவிவரத்தைப் பார்க்க
45,REDA EL WAHABI @UCmsyZt6DsYqa6KEZSDRd83w,2.2M,2.8%,மாரக்கோ,,669K,,சுயவிவரத்தைப் பார்க்க
46,3alamuki عالمك سيدتي مع مريم @UCHlP7UMDQdG5aVvCbLL125w,2.2M,-,மாரக்கோ,,660K,,சுயவிவரத்தைப் பார்க்க
47,cuisine Tima مطبخ تيما @UCyhqIgshhPDSR-nYe8OHWBQ,2.1M,0.5%,மாரக்கோ,,642K,,சுயவிவரத்தைப் பார்க்க
48,BS One @UCyQEg_C6TTIf-Pg7vIljUrg,2.1M,0.3%,மாரக்கோ,,636K,,சுயவிவரத்தைப் பார்க்க
49,Soltana - سلطانة @UCRDs06-t5cL9StAKy2-_axg,2.1M,-,மாரக்கோ,,624K,,சுயவிவரத்தைப் பார்க்க
50,zineb el morhir @UCF0qrUKoJt26nINyAbmYFGQ,2.1M,-,மாரக்கோ,,621K,,சுயவிவரத்தைப் பார்க்க
51,HackTube @UCy38w3gfA1T65r9UIrhKQRw,2M,-,மாரக்கோ,,615K,,சுயவிவரத்தைப் பார்க்க
52,Cuisine Amina مطبخ آمينة المراكشية @UClxPyr38alWyLHpa0C8oVmw,2M,-,மாரக்கோ,,612K,,சுயவிவரத்தைப் பார்க்க
53,Gnawi @UC0k5ulMTxHlUzzJRnOtBRMA,2M,-,மாரக்கோ,Careers கொள்முதல்,609K,,சுயவிவரத்தைப் பார்க்க
54,cuisine yasmina شهيوات ياسمينة @UCm2biAqiGaUFETmPeVnhGxQ,2M,-,மாரக்கோ,,606K,,சுயவிவரத்தைப் பார்க்க
55,Mohammed Nassib @UCC_3u0_EYHA09YVma4yDNkg,2M,-,மாரக்கோ,,606K,,சுயவிவரத்தைப் பார்க்க
56,Khalid Lidlissi & Dala @UCeuMT3QEwuCdRE8Tg58RCqg,2M,1.9%,மாரக்கோ,,606K,,சுயவிவரத்தைப் பார்க்க
57,Insta'Lives @UCXhngplJv_5uDOVdcsGXDwg,2M,-,மாரக்கோ,,600K,,சுயவிவரத்தைப் பார்க்க
58,Amine Filali TV @UCCPYz2Fn9g8YdjD50GjYXpw,2M,0.4%,மாரக்கோ,,591K,,சுயவிவரத்தைப் பார்க்க
59,حلويات أسماء asmae sweets @UCXgwv0-EiGloHW_Mlxi8S2w,2M,-,மாரக்கோ,,585K,,சுயவிவரத்தைப் பார்க்க
60,Salah Salhi TV @UCtqbizEAUxf0aYCJ7ttVmBw,2M,11.7%,மாரக்கோ,,585K,,சுயவிவரத்தைப் பார்க்க
61,Adil Taouil l عادل تاويل @UCuvhvj28Vx9-eqDS0mScLhA,1.9M,10.3%,மாரக்கோ,,579K,,சுயவிவரத்தைப் பார்க்க
62,LORD Ahmed @UC7XyFVSHSU-gUCAhIcYYFog,1.9M,-,மாரக்கோ,,579K,,சுயவிவரத்தைப் பார்க்க
63,Siham's Beauty World @UC__kT4NBC-jqJF-RphguAvQ,1.9M,-,மாரக்கோ,,579K,,சுயவிவரத்தைப் பார்க்க
64,3anakib @UC8CtJPb_xe2oEgxuBMs1GJw,1.9M,-,மாரக்கோ,,576K,,சுயவிவரத்தைப் பார்க்க
65,the French language @UCQlhmoawtLk1mYYN_flj_og,1.9M,-,மாரக்கோ,,573K,,சுயவிவரத்தைப் பார்க்க
66,Ihab Amir | إيهاب أمير @UC0ty7_kyGQ1FeveJMfYc0BA,1.9M,2.4%,மாரக்கோ,,573K,,சுயவிவரத்தைப் பார்க்க
67,la3zawi family One @UC8kn_HZ09wAGeFSNHyOPqJA,1.9M,-,மாரக்கோ,,570K,,சுயவிவரத்தைப் பார்க்க
68,Salma Rachid I سلمى رشيد @UC5DiXAUQic0CRMFGBJCuVvQ,1.9M,-,மாரக்கோ,,564K,,சுயவிவரத்தைப் பார்க்க
69,Dizzy DROS @UCy3aXKl3MmWXGj2mmxT9AsA,1.8M,-,மாரக்கோ,,540K,,சுயவிவரத்தைப் பார்க்க
70,LFERDA TV @UCnMQbKtNPamGzvOMSzlw_jg,1.8M,-,மாரக்கோ,,534K,,சுயவிவரத்தைப் பார்க்க
71,حياتك سيدتي @UCeuOkNpr7jEch4_vndR96wA,1.8M,-,மாரக்கோ,,531K,,சுயவிவரத்தைப் பார்க்க
72,Ihssane Benalluch @UC-TDfXUC9HlqvoQxMolYHRA,1.8M,1.1%,மாரக்கோ,,528K,,சுயவிவரத்தைப் பார்க்க
73,طبخ ليلى tabkh leila @UC_BUnj-MP9154Vsahdq8dJQ,1.8M,-,மாரக்கோ,,525K,,சுயவிவரத்தைப் பார்க்க
74,Nouaman Belaiachi l نعمان بلعياشي @UCYJrefWY_BdNiX7wXWomprw,1.7M,-,மாரக்கோ,,522K,,சுயவிவரத்தைப் பார்க்க
75,Ismail El Mahi @UCmo-N3I1AWXP5MdES4eubmA,1.7M,-,மாரக்கோ,,519K,,சுயவிவரத்தைப் பார்க்க
76,Khawater ilyassif @UC7y78kbnOtBEpKKTCEXl7bQ,1.7M,0.1%,மாரக்கோ,,510K,,சுயவிவரத்தைப் பார்க்க
77,7Liwa @UCTdY7Fw0YMHCJ09jKTGy9Xw,1.7M,7.6%,மாரக்கோ,,504K,,சுயவிவரத்தைப் பார்க்க
78,قناة الشَّيخ سَعيد الكَمَلي @UCASAOTD6fMPEg8jmO4nPblQ,1.6M,0.1%,மாரக்கோ,,489K,,சுயவிவரத்தைப் பார்க்க
79,Ajdiri fitness @UC9XzatMwUCJpkwM4Dr5S3RA,1.6M,-,மாரக்கோ,,489K,,சுயவிவரத்தைப் பார்க்க
80,Kawtar Bamo @UCH2ZMZN8X7WHDLnWEfP1jBg,1.6M,-,மாரக்கோ,,486K,,சுயவிவரத்தைப் பார்க்க
81,Black Moussiba @UCGhuGD-LE45GLqSMaxN3Hsw,1.6M,0.4%,மாரக்கோ,,486K,,சுயவிவரத்தைப் பார்க்க
82,Cravata - كرافاطا @UCbEQua8b0M5ScOPgYDxA6fg,1.6M,-,மாரக்கோ,,486K,,சுயவிவரத்தைப் பார்க்க
83,شيف شكرالله Chef Chokrallah @UCrUh2a8Ucv7PlGS6BqYITJQ,1.6M,0.1%,மாரக்கோ,,483K,,சுயவிவரத்தைப் பார்க்க
84,Afechkou Brahim @UC-NGRUkxrRxBRpOmno-hF1w,1.6M,-,மாரக்கோ,,477K,,சுயவிவரத்தைப் பார்க்க
85,SOUMA سومة @UCl8m-0PbG-q8CYbmWdjb9gQ,1.6M,-,மாரக்கோ,,477K,,சுயவிவரத்தைப் பார்க்க
86,Hamida حميدة @UCzZ0Ds0O6hPGc-BcPdLAluA,1.6M,-,மாரக்கோ,,474K,,சுயவிவரத்தைப் பார்க்க
87,Diva Rebecca @UCTtcPiMC4Xa9YQ3UtmOA1Zw,1.6M,-,மாரக்கோ,,471K,,சுயவிவரத்தைப் பார்க்க
88,ريحانة كمال @UCSZCXMvv1p5kurtJmaxKikA,1.6M,-,மாரக்கோ,,471K,,சுயவிவரத்தைப் பார்க்க
89,Manal l منال @UCH3YK4ZP_w5GfxRm9S1TXZw,1.6M,4.5%,மாரக்கோ,இசை பிரபலங்கள்,465K,,சுயவிவரத்தைப் பார்க்க
90,Oussama El Mekkaoui @oussamaelmekkaoui1,1.5M,0.5%,மாரக்கோ,,462K,,சுயவிவரத்தைப் பார்க்க
91,Taliss | طاليس @UCrDBa3CrjwANpo99Qgu0i-Q,1.5M,0.2%,மாரக்கோ,,462K,,சுயவிவரத்தைப் பார்க்க
92,يوميات القطط kittens vlog @UCZ0h8zWza_bjqGtn6clvYFA,1.5M,-,மாரக்கோ,,462K,,சுயவிவரத்தைப் பார்க்க
93,استفد كل يوم @UCQBt1gkXqb11RRlQDxThi4A,1.5M,-,மாரக்கோ,,462K,,சுயவிவரத்தைப் பார்க்க
94,Niba Tbib @UCqKabGih41Etz_duwkA7cqA,1.5M,-,மாரக்கோ,,462K,,சுயவிவரத்தைப் பார்க்க
95,Le360 @UCGYE6-D0--78oXa4wDiOk6g,1.5M,-,மாரக்கோ,,459K,,சுயவிவரத்தைப் பார்க்க
96,Said Naciri l سعيد الناصري @UCma4hB65kKimZzXKD0nUSUw,1.5M,-,மாரக்கோ,,456K,,சுயவிவரத்தைப் பார்க்க
97,Mehdi Mozayine @UCwK1c_RczSk8RQTiWcCAFgQ,1.5M,-,மாரக்கோ,,453K,,சுயவிவரத்தைப் பார்க்க
98,مربوحة Marbouha TV @UCOhHFq20n5Crcg-13BM7v_w,1.5M,-,மாரக்கோ,,453K,,சுயவிவரத்தைப் பார்க்க
99,Ali meriem EzzaiDi @UCFu47JDZ_wjz97yWaSFWnMA,1.5M,0.3%,மாரக்கோ,,453K,,சுயவிவரத்தைப் பார்க்க
100,Abdelkader Kharraz @UCCPQpi9U-iXFWlMSUg_nxTw,1.5M,-,மாரக்கோ,,453K,,சுயவிவரத்தைப் பார்க்க
